tertile,cate,se,n
Low,39.95829687335275,2.155524675340754,88
Medium,38.06561511686479,2.4791323422095126,87
High,17.519938151041657,4.015267284875233,87
