ate,se,ci_lower,ci_upper
54.62488797497154,1.9459897754498174,50.8107480150899,58.439027934853186
