method,ate,ci_lower,ci_upper
Naive OLS,31.878905569324054,,
OLS + Confounders,31.878905569324058,,
Random Forest,70.69362705850196,,
DML (Our Method),54.62488797497154,50.8107480150899,58.439027934853186
